{
  "baseline_metrics": {
    "precision": 0.8817779411607803,
    "recall": 0.871760860296556,
    "f1": 0.8730707785226244
  },
  "best_threshold": 0.40,
  "best_metrics": {
    "f1": 0.8646570896661565,
    "precision": 0.8687342834303393,
    "recall": 0.8646075133829172
  },
  "all_results": [
    {
      "threshold": 0.36,
      "overall_precision": 0.8747470569756277,
      "positive_precision": 0.8077535847052576,
      "overall_f1": 0.8713729398329282,
      "positive_f1": 0.850750442807868,
      "overall_recall": 0.8709081434459235,
      "positive_recall": 0.8985821189444664,
      "class_0_precision": 0.9226300501716398,
      "class_1_precision": 0.8077535847052576,
      "class_2_precision": 0.8596802841918295,
      "class_3_precision": 0.9267340376665135,
      "class_0_recall": 0.85386119257087,
      "class_1_recall": 0.8985821189444664,
      "class_2_recall": 0.8855735397607318,
      "class_3_recall": 0.8347124534546959,
      "class_0_f1": 0.8869145830689174,
      "class_1_f1": 0.850750442807868,
      "class_2_f1": 0.8724348308374931,
      "class_3_f1": 0.8783195472355246
    },
    {
      "threshold": 0.38,
      "overall_precision": 0.8727074753718966,
      "positive_precision": 0.8308179616172908,
      "overall_f1": 0.8704936024588753,
      "positive_f1": 0.8538056486357108,
      "overall_recall": 0.8701975460703966,
      "positive_recall": 0.8781016148089799,
      "class_0_precision": 0.919863373620599,
      "class_1_precision": 0.8308179616172908,
      "class_2_precision": 0.8462051487261572,
      "class_3_precision": 0.9157467898175264,
      "class_0_recall": 0.8555718475073314,
      "class_1_recall": 0.8781016148089799,
      "class_2_recall": 0.8928923293455313,
      "class_3_recall": 0.8409184940008275,
      "class_0_f1": 0.88655355786275,
      "class_1_f1": 0.8538056486357108,
      "class_2_f1": 0.8689220654704835,
      "class_3_f1": 0.8767389194435458
    },
    {
      "threshold": 0.4,
      "overall_precision": 0.8708805174682493,
      "positive_precision": 0.8513091051191872,
      "overall_f1": 0.8689136840322923,
      "positive_f1": 0.8546488819144763,
      "overall_recall": 0.8686816050026055,
      "positive_recall": 0.8580149665222528,
      "class_0_precision": 0.917189132706374,
      "class_1_precision": 0.8513091051191872,
      "class_2_precision": 0.8330940884770978,
      "class_3_precision": 0.9077777777777778,
      "class_0_recall": 0.8580156402737048,
      "class_1_recall": 0.8580149665222528,
      "class_2_recall": 0.8985221674876848,
      "class_3_recall": 0.8450558543649151,
      "class_0_f1": 0.8866161616161616,
      "class_1_f1": 0.8546488819144763,
      "class_2_f1": 0.8645720476706392,
      "class_3_f1": 0.8752946218127277
    },
    {
      "threshold": 0.42000000000000004,
      "overall_precision": 0.8699210617304548,
      "positive_precision": 0.8745364647713226,
      "overall_f1": 0.8676257199974718,
      "positive_f1": 0.8548127265404752,
      "overall_recall": 0.8674972760433938,
      "positive_recall": 0.8359590389917291,
      "class_0_precision": 0.9136186770428015,
      "class_1_precision": 0.8745364647713226,
      "class_2_precision": 0.8238752556237219,
      "class_3_precision": 0.8957604895104895,
      "class_0_recall": 0.8607038123167156,
      "class_1_recall": 0.8359590389917291,
      "class_2_recall": 0.9072484166080225,
      "class_3_recall": 0.8479520066197765,
      "class_0_f1": 0.8863722159305398,
      "class_1_f1": 0.8548127265404752,
      "class_2_f1": 0.8635541563400094,
      "class_3_f1": 0.8712008501594048
    },
    {
      "threshold": 0.44000000000000006,
      "overall_precision": 0.8692831944832359,
      "positive_precision": 0.8931330472103004,
      "overall_f1": 0.8662911546872644,
      "positive_f1": 0.8547956459231875,
      "overall_recall": 0.8662182007674452,
      "positive_recall": 0.8196140212682158,
      "class_0_precision": 0.908179012345679,
      "class_1_precision": 0.8931330472103004,
      "class_2_precision": 0.8171500630517023,
      "class_3_precision": 0.8879291729648024,
      "class_0_recall": 0.8629032258064516,
      "class_1_recall": 0.8196140212682158,
      "class_2_recall": 0.912033779028853,
      "class_3_recall": 0.8506412908564336,
      "class_0_f1": 0.8849624060150376,
      "class_1_f1": 0.8547956459231875,
      "class_2_f1": 0.8619886930495511,
      "class_3_f1": 0.8688853671421025
    },
    {
      "threshold": 0.4600000000000001,
      "overall_precision": 0.8687342834303393,
      "positive_precision": 0.9130337581041806,
      "overall_f1": 0.8646570896661565,
      "positive_f1": 0.855198408543608,
      "overall_recall": 0.8646075133829172,
      "positive_recall": 0.804253643166601,
      "class_0_precision": 0.9011213047910296,
      "class_1_precision": 0.9130337581041806,
      "class_2_precision": 0.8106221169430246,
      "class_3_precision": 0.8801961202302281,
      "class_0_recall": 0.8641251221896383,
      "class_1_recall": 0.804253643166601,
      "class_2_recall": 0.9151301900070373,
      "class_3_recall": 0.8541580471659082,
      "class_0_f1": 0.8822355289421158,
      "class_1_f1": 0.855198408543608,
      "class_2_f1": 0.8597117545947376,
      "class_3_f1": 0.8669816272965879
    }
  ],
  "timestamp": "2025-04-28 15:23:10",
  "model_version": "v4",
  "model_config": {
    "model_name": "bert-base-chinese",
    "num_labels": 4,
    "max_length": 128
  }
}